q0 (scalar),q1,q2,q3
0.7427029505553022,-0.1004801245767493,-0.6520722716380591,-0.11444572671039546
0.7514623008231602,-0.20124962448727013,-0.6283256253869569,0.0031476288511246464
