q0 (scalar),q1,q2,q3
-0.2768120882824418,0.5659345889135596,0.20949087649740825,0.7478012312883027
0.6267461744892981,-0.591997243195905,0.1170796750630125,-0.4929714459262506
