q0 (scalar),q1,q2,q3
0.3397812486256307,0.6574427957926676,-0.511331793296439,0.43687237324758366
-0.22840723554735254,-0.5199095624737623,0.6506806278227225,-0.5041219120155213
