q0 (scalar),q1,q2,q3
0.7427029505553022,-0.1004801245767493,-0.6520722716380591,-0.11444572671039546
0.7488988332242406,-0.2499270994491358,-0.6105988436241258,0.062096978357995575
