q0 (scalar),q1,q2,q3
0.3397812486256307,0.6574427957926676,-0.511331793296439,0.43687237324758366
-0.06144595168668369,-0.2933920053670524,0.7794949414602579,-0.550030146851867
