q0 (scalar),q1,q2,q3
-0.2768120882824418,0.5659345889135596,0.20949087649740825,0.7478012312883027
0.5419121646321033,-0.6030240711046261,0.02302945793576189,-0.5849468519099289
