q0 (scalar),q1,q2,q3
0.7427029505553022,-0.1004801245767493,-0.6520722716380591,-0.11444572671039546
0.7299645382708372,-0.34236878558119666,-0.5639841465270407,0.17848604985506802
