q0 (scalar),q1,q2,q3
0.3397812486256307,0.6574427957926676,-0.511331793296439,0.43687237324758366
-0.14673312183648102,-0.4117197370937652,0.7240014438265108,-0.5336460984404262
