q0 (scalar),q1,q2,q3
-0.2768120882824418,0.5659345889135596,0.20949087649740825,0.7478012312883027
-0.49434722923288177,0.6029720195872623,0.02435425751835372,0.6256615943825868
