q0 (scalar),q1,q2,q3
-0.2768120882824418,0.5659345889135596,0.20949087649740825,0.7478012312883027
-0.33463057738668034,0.58062646618028,0.1644423699519447,0.7237775835251081
