q0 (scalar),q1,q2,q3
0.7427029505553022,-0.1004801245767493,-0.6520722716380591,-0.11444572671039546
0.7493927534509328,-0.15133137866814925,-0.6421785707298049,-0.055821126834306296
