q0 (scalar),q1,q2,q3
0.7427029505553022,-0.1004801245767493,-0.6520722716380591,-0.11444572671039546
0.6930560937717974,-0.4263802159553934,-0.5034822879863897,0.29048020244347067
