q0 (scalar),q1,q2,q3
0.3397812486256307,0.6574427957926676,-0.511331793296439,0.43687237324758366
0.3044572050788939,0.6152974889447437,-0.5613378952767438,0.46218457103209004
