q0 (scalar),q1,q2,q3
0.3397812486256307,0.6574427957926676,-0.511331793296439,0.43687237324758366
-0.10441140226923451,-0.35364604396053867,0.754072747264143,-0.5435135936669301
