q0 (scalar),q1,q2,q3
0.7427029505553022,-0.1004801245767493,-0.6520722716380591,-0.11444572671039546
0.7417181552843606,-0.2970636907337036,-0.5891075169456322,0.12066347934394878
