q0 (scalar),q1,q2,q3
-0.2768120882824418,0.5659345889135596,0.20949087649740825,0.7478012312883027
-0.4437344787783043,0.5992024450605997,0.07158782087625615,0.6625189250722839
