q0 (scalar),q1,q2,q3
0.7427029505553022,-0.1004801245767493,-0.6520722716380591,-0.11444572671039546
0.7137104471410332,-0.3855630630164076,-0.5353836263013501,0.23520819451619632
