q0 (scalar),q1,q2,q3
-0.2768120882824418,0.5659345889135596,0.20949087649740825,0.7478012312883027
0.586136031332287,-0.5993582786977777,0.0702711891236316,-0.5406257175806791
