q0 (scalar),q1,q2,q3
0.3397812486256307,0.6574427957926676,-0.511331793296439,0.43687237324758366
-0.26725608162055126,-0.5693586684702975,0.6078831624688754,-0.4846472472442178
