q0 (scalar),q1,q2,q3
0.3397812486256307,0.6574427957926676,-0.511331793296439,0.43687237324758366
-0.18815018291389132,-0.46725504113710314,0.6894664307327771,-0.5204884975617021
