q0 (scalar),q1,q2,q3
-0.2768120882824418,0.5659345889135596,0.20949087649740825,0.7478012312883027
-0.3903859577053712,0.5917385882051062,0.11838002151309038,0.6952916062790117
